{
  "produtos": [
    {
      "idProduto": 1,
      "nome": "Mouse Gamer RGB",
      "descricao": "Mouse gamer com iluminação RGB, 12000 DPI",
      "preco": 149.99,
      "categoria": "Mouse",
      "image": "https://images.unsplash.com/photo-1527864550417-7fd91fc51a46?w=500&q=80",
      "estoque": 50,
      "ativo": true,
      "rating": 4.5,
      "reviews": 128,
      "dataCriacao": "2025-11-30T17:51:25.5062804-03:00"
    },
    {
      "idProduto": 2,
      "nome": "Teclado Mecânico RGB",
      "descricao": "Teclado mecânico com switches azuis e iluminação RGB",
      "preco": 299.99,
      "categoria": "Teclado",
      "image": "https://images.unsplash.com/photo-1595225476474-87563907a212?w=500&q=80",
      "estoque": 30,
      "ativo": true,
      "rating": 4.7,
      "reviews": 203,
      "dataCriacao": "2025-11-30T17:51:25.5062804-03:00"
    },
    {
      "idProduto": 3,
      "nome": "Headset Gamer 7.1",
      "descricao": "Headset gamer com som surround 7.1 e microfone removível",
      "preco": 249.99,
      "categoria": "Fone",
      "image": "https://images.unsplash.com/photo-1599669454699-248893623440?w=500&q=80",
      "estoque": 25,
      "ativo": true,
      "rating": 4.4,
      "reviews": 97,
      "dataCriacao": "2025-11-30T17:51:25.5062804-03:00"
    }
  ]
}